pid,citedpid
204856,675014
204856,736767
48532,30992
48532,326309
48532,340858
48532,393905
48532,432693
48532,478023
48532,769543
48532,927793
1101676,16004
1101676,632260
557975,53534
557975,348650
557975,773036
6122,93272
6122,432595
6122,1012369
822588,112489
822588,654641
822588,1047354
133892,797282
686468,479352
490044,24138
490044,404101
490044,455719
356349,27465
356349,516686
1027019,229301
149855,1077538
149855,1122730
135097,2561
135097,2565
135097,2570
350271,2771
350271,261844
350271,479352
350271,508195
350271,536782
350271,1106431
405490,424895
405490,1030151
666830,425836
666830,425928
666830,682508
935807,204856
431203,2934
431203,160992
431203,621818
371270,819758
371270,1122730
371270,1136867
326096,404101
18514,268634
686555,18590
686555,887343
607911,2530
437293,613985
437293,1000560
18539,490167
523435,677601
927793,2709
927793,2728
927793,862575
927793,879461
927793,879470
797192,229323
1061900,501715
1061900,940528
356473,555369
356473,675085
849664,300117
849664,622110
849664,835663
849664,835664
849664,879991
849664,879992
2761,357061
2761,479398
2761,696064
2761,696066
2761,696089
2761,720208
16093,91373
16093,395993
684405,333770
684405,579222
684405,756429
2925,894660
157759,242625
157759,490200
1039406,359747
1039406,657828
1039406,690582
496322,6788
496322,257268
496322,357113
496322,456690
496322,500510
25386,437131
25386,654641
25386,880027
437179,424895
161001,2939
161001,160999
525310,205382
356310,395994
356310,399605
356310,783639
356310,797281
769746,500509
769746,500510
597170,190894
597170,405225
500519,79664
1020705,2748
1020705,638297
1020705,1139331
334224,245824
334224,508389
334224,784178
334224,784190
334224,787622
1029632,18529
1029632,421087
1029632,796197
775219,123162
775219,500520
775219,541092
775219,696045
516754,6949
644933,24007
644933,399605
614047,775081
614047,789895
570,262
570,1125499
490074,112702
490074,155037
4242,827332
4242,983868
946053,644959
638290,894559
574766,2756
574766,25461
574766,479343
574766,479352
574766,502797
574766,574757
574766,696066
892618,510053
385126,2778
385126,385121
385126,479378
385126,502788
385126,769578
385126,879461
48331,259987
48331,904040
859126,242625
859126,317104
859126,380266
859126,508185
859126,542439
859126,677613
859126,696096
859126,799820
1020451,62018
68089,171420
696094,554744
2856,78173
2856,78226
2856,490040
2856,757563
655669,172886
655669,778248
797235,151580
696083,508195
696083,654710
456753,261830
456753,926064
229312,151498
510821,188509
510821,333838
510821,334184
510821,557975
510821,563149
510821,684450
776639,421100
834738,421712
834738,479398
834738,654710
834738,859085
261856,204935
261856,272252
261856,479378
261856,720208
261856,879462
261856,915151
261856,927790
996387,438509
996387,892763
16355,161406
16355,323231
16355,368206
333838,334184
333838,334313
333838,348650
333838,557975
658345,30870
658345,261822
658345,720195
658345,879498
955729,335390
955729,486204
927792,2709
927792,2764
927792,162898
927792,479352
927792,479378
927792,508195
927792,696066
927792,834738
927792,862575
875104,579303
875104,784153
613985,587115
15926,356433
658339,2700
658339,500509
658339,541092
658339,834778
658339,879507
658339,915123
658339,927794
658339,1020337
642319,851519
341918,341778
991033,479352
326346,479352
991036,261822
991036,405449
991036,479385
991036,654641
991036,769535
829765,16072
829765,151516
829765,569347
575861,444520
575861,852809
575861,852811
575861,941076
868969,331525
868969,486251
569332,356423
569332,396071
569332,396079
569332,797281
569332,1029630
72099,964012
2035,1742
2035,2035
942778,657828
855300,326096
855300,404014
855300,508342
855300,508414
855300,628559
855300,1011209
855300,1057925
71849,160992
4232,492823
4232,492824
4232,613929
4232,983868
421085,421071
421085,880001
396107,367910
1134350,972298
859086,347144
874947,334275
6840,796686
395526,48273
395526,783456
395526,941077
427231,579178
1133201,88114
1133201,444623
1133201,922474
1133201,1133191
151511,773110
82864,1015619
82864,1082776
926074,25443
926074,834696
574602,63576
574602,261830
574602,574599
574602,916881
6794,359747
6794,690582
1008304,219232
946837,221695
161034,2945
769558,2709
769558,2761
769558,479378
769558,496308
769558,496317
769558,654710
769558,688801
769558,696089
769558,769543
769558,879461
769558,927815
15995,396074
15995,796223
380719,2525
356988,123177
356988,479385
356988,696045
356988,769732
356988,880027
770142,916009
217451,219149
217451,674931
525332,455572
525332,787908
525332,922474
1007845,169505
1007845,169509
1007845,1092975
1007845,1095899
542439,242625
542439,380266
542439,508185
542439,660496
542439,677613
123177,409768
123177,880027
123177,1030151
1103056,357039
696097,123177
696097,242578
696097,242580
696097,380279
696097,409820
696097,1030151
866865,558004
553562,946045
569375,151581
569375,516743
114517,2457
114517,753538
346906,2771
346906,479352
346906,496308
346906,688778
346906,879499
644927,36813
644959,36865
644959,1111271
91099,48273
91099,78173
91099,112789
91099,554328
91099,636341
91099,757563
91099,922206
722517,123177
722517,380279
722517,654641
722517,696045
722517,696097
684462,69605
684462,579222
684462,756429
1102001,2782
1102001,261822
1102001,328826
1102001,401933
1102001,426849
1102001,456690
1102001,496320
1102001,769566
1102001,915123
1102001,927815
261822,915123
261822,915124
424895,242580
224141,82741
4277,983868
762336,725205
30876,2709
30876,927790
30876,927793
30876,927794
610667,116023
610667,432546
799306,36865
799306,489915
799306,644926
829793,797281
1052658,686678
696045,123177
696045,654641
696045,696053
696045,747503
879478,204833
879478,479378
879478,496296
879478,500524
879478,818003
879478,915148
217514,78241
496305,696066
919785,852811
919785,978015
919785,979663
919785,1111565
385121,123101
385121,261819
385121,479360
385121,654646
385121,747503
385121,747506
385121,769578
385121,769732
385121,769733
385121,835663
385121,879992
1434,522464
444528,789887
444528,919828
827332,132209
829844,797281
806371,160965
216535,216537
216535,216538
216535,331526
686457,479352
686457,654641
686457,686457
352045,789895
352045,1111565
885132,6796
132338,82840
132338,103427
132338,341744
710575,48269
710575,103493
710575,554328
710575,592224
710575,636341
204935,242654
292809,915975
460290,6856
279938,2270
340904,508195
340904,536782
340904,654710
82950,103473
82950,341778
841674,572583
841674,690582
406605,161434
406605,879991
406605,879992
1087139,2702
1087139,79664
1087139,500519
1087139,696053
1087139,720170
271050,180519
819760,219232
982589,242625
396154,797281
720516,784178
528795,2909
528795,71852
528795,78144
649877,261822
982624,63576
982624,82741
982624,916881
217395,787571
36832,15995
36832,396021
36832,615154
36832,797182
835664,879991
963403,489951
963403,490054
91864,91746
91864,331802
396074,229370
396074,1029631
1041399,1041401
323231,776628
323231,776636
2700,2684
2700,2688
2700,2696
2700,2702
2700,123162
2700,500520
2700,508195
2700,654641
2700,696083
1016528,157845
628566,827177
720170,508213
720170,769741
720170,862578
25443,827097
2713,496282
2713,696064
2713,696066
2713,769721
6360,400769
6360,888078
1134997,404101
1134997,489919
479360,380279
479360,654646
479360,769733
644943,15950
644943,36883
644943,36884
305468,48269
305468,261830
305468,644909
305468,783456
91316,849606
940673,553428
940673,933381
657569,776697
657569,1102823
862589,409825
862589,654710
862589,696064
862589,696083
862589,859089
862589,904390
528760,326036
245946,687133
245946,687164
924077,789623
639352,778248
737211,608685
367935,686667
367935,773154
352012,775081
352012,789857
352012,919742
352012,919781
352012,919783
352012,922474
352012,979663
30976,2767
30976,1029336
1076094,103495
1076094,341778
396071,396079
396071,797281
286768,296294
687164,2468
769578,261856
769578,479343
769578,479385
769578,654710
769578,879461
644901,569357
438509,964981
493169,509499
604348,91228
1073750,176231
1073750,933174
1073750,1013525
36103,702156
1029631,998152
24161,326107
16181,367879
818120,245882
818120,737961
818120,784178
818120,784190
818120,909891
829792,15956
829792,356310
829792,797281
188606,684435
188606,687092
188606,784178
188606,1139696
27584,622089
27584,686667
257071,341776
257071,757563
257071,1057925
1012376,878416
569801,827332
862573,347144
862573,437147
862573,500509
862573,696058
862573,696064
862573,859070
19860,867306
1030040,365682
746658,167900
746658,479385
746658,696045
746658,747503
746658,1047342
649880,980706
292805,356426
219143,214112
219143,722526
1036078,998679
502798,162851
502798,261822
502798,496317
502798,502798
502798,915123
502798,927815
5046,5048
23918,36893
23918,829791
644981,587149
144712,334166
1081290,622110
1081290,835663
1081290,835664
1081290,849664
1081290,879991
1081290,879992
76014,82741
76014,161004
368180,161442
368180,190894
1001207,72099
1001207,105682
1001207,421394
1001207,964012
15950,396074
15950,1021832
1064663,2767
1064663,264569
1064663,479352
1064663,496317
1064663,688778
1064663,720208
1064663,769542
1064663,879462
1064663,1124106
669393,486204
557892,579222
385105,2748
385105,479352
385105,479378
385105,579560
385105,649880
385105,769713
385105,927793
385105,980706
852815,946855
941077,82741
941077,169568
941077,933353
553749,26158
553749,403487
553749,554143
553749,555369
1700,1966
479346,300121
479346,347144
181505,2530
104095,356473
104095,553733
104095,554143
104095,554266
104095,675085
104095,741595
116,216538
1081957,1096250
591922,784178
710572,2856
710572,257071
710572,291077
710572,757563
955330,922100
769538,2756
769538,300117
769538,479343
769538,654641
769538,696092
769538,835665
769538,927801
477899,2959
477899,160965
113161,93272
113161,724124
457714,15422
176198,360048
455587,872681
455587,941088
455587,1140556
432693,769566
432693,1106743
331513,419554
496308,696066
496308,696089
71884,71880
71884,404014
71884,615154
71884,628559
71884,644930
71884,1012313
1059912,343735
1059912,784178
357061,405506
357061,409768
357061,508195
357061,654710
357061,817969
357061,1106431
654710,300121
654710,409825
260995,789895
260995,852811
260995,1135137
776697,6999
776697,1029632
761214,432477
1103380,385152
1103380,502792
1103380,769578
696066,696064
402565,48264
402565,261830
402565,941077
7002,300117
7002,835663
7002,835664
7002,835665
7002,879992
946844,221695
946844,221732
604232,36853
604232,586941
604232,829760
604232,1012313
496206,16072
496206,396061
496206,604229
605196,478049
605196,574757
605196,915154
654685,421100
385130,2684
385130,2688
385130,2700
385130,2702
385130,48099
385130,432654
385130,541092
385130,654710
385130,879507
69544,245806
221699,167900
221699,398417
221699,553428
866307,26321
112454,654646
112454,686457
396132,396079
396132,396088
396132,797281
720440,413581
720440,737191
871004,366050
817974,204833
817974,441562
817974,483684
817974,818003
710615,48269
710615,48273
710615,554140
710615,574587
710615,757563
835638,268605
553610,24138
553610,404101
553610,1057925
553610,1134997
160974,404014
160974,508342
160974,628559
160974,855300
367499,79662
367499,357078
367499,827092
879498,479352
879498,479398
879498,496297
879498,500473
879498,654710
879498,720195
359747,690582
16285,356423
16285,569332
927790,2778
26321,6846
528634,71807
528634,108590
528634,217418
654064,179761
654064,787900
3851,3860
331526,788811
587146,396031
822582,2709
822582,261856
822582,266875
822582,385105
822582,879461
822582,915123
822582,1020337
644942,1100520
4192,492823
4192,613929
4192,983868
3230,318
3230,3298
927801,654641
291178,380154
769436,303141
769436,346774
225502,26110
91374,6949
91374,151493
91374,151511
91374,887282
438465,438465
438465,1000560
3380,122
2877,15956
2877,16322
2877,36839
2877,36893
2877,356310
2877,787558
2877,797281
2877,1113838
30302,30173
6862,774529
7038,674873
7038,835632
7038,849601
946045,78133
946045,157845
946045,829802
388554,496290
357008,323292
357008,696097
1742,512831
674049,403392
178,113161
542441,6983
542441,323225
105687,432751
23920,797281
797284,796191
48188,574587
48188,574602
1107198,1062253
603284,733910
603284,776615
217329,23946
586946,829754
639357,558004
769554,261822
769554,479378
769554,927792
769554,927794
769554,927796
769748,242625
769748,380266
769748,508185
769748,542439
769748,660496
769748,677613
769748,769752
769748,799820
769748,835615
769748,859129
1135140,789859
1135140,941076
400,1873
569336,615168
569336,615220
935778,204833
935778,367473
935778,818003
675014,736767
644926,23885
644926,36865
644926,455686
644926,829754
1096879,94620
1096879,432722
1096879,579546
1096879,597166
7064,242580
7064,370243
7064,849673
490053,24138
490053,356334
490053,632262
490053,983281
267578,30992
267578,125592
267578,261822
267578,479378
267578,502788
112447,385121
112447,432778
112447,479360
112447,496282
112447,502814
112447,654641
112447,688784
112447,696045
112447,769535
112447,769732
112447,769733
112447,874545
112447,879507
112447,991036
334302,114157
334302,245824
334302,522273
334302,1059906
2873,91328
2873,404101
2873,489915
2873,489919
2873,508346
2873,628632
2873,787558
2873,1011209
855335,604158
340889,261844
340889,479352
340889,502792
1076037,123162
1076037,409768
1076037,409823
1076037,409825
1076037,500520
1076037,508212
1076037,541092
1076037,1030151
421417,6815
421417,169509
421417,524937
421417,904390
169505,524937
169505,1036174
169505,1092975
169505,1095899
455554,1140556
611438,30905
611438,479378
611438,769578
611438,927790
48293,63576
48293,574599
48293,982624
4174,983868
1020713,303141
673980,356473
867447,2496
867447,419555
49011,699676
1050140,827148
311899,323245
367864,240343
36851,569350
36851,829816
747515,405449
747515,1030151
884177,359233
884177,359238
884177,995803
1121022,23956
1121022,23981
5128,4715
373602,334184
373602,563223
502852,2720
502852,380260
502852,500494
502852,769578
502852,879461
776628,6952
776628,6978
776628,7029
776628,686678
776628,1016180
271547,646249
271547,657232
967533,228854
967533,919781
967533,919785
967533,922475
569377,396060
569377,615151
569377,615191
569377,887336
82741,27591
82741,916887
2630,1052009
2630,1099505
23916,15950
23916,356310
23916,797281
424931,544254
320798,866099
1099326,979660
1099326,1115636
862587,347186
862587,437095
862587,818004
862587,859171
2764,479352
2764,496305
2764,696066
2764,696089
2764,869470
479648,242654
500509,347185
500509,437147
592183,82935
592183,554168
592183,922100
592183,940737
1003816,219149
1003816,548971
1003816,674931
628579,16296
628579,132342
88083,968118
161020,160976
161020,217391
217465,78119
217465,554328
217465,628579
217465,636341
3357,394
7230,850258
409821,541092
409821,747503
409821,747506
409821,879992
409821,1030151
161442,157759
161442,161391
161442,468070
161442,603284
161442,776615
490003,644942
852811,979663
489999,24007
489999,356376
489999,399605
489999,644933
489999,686555
818004,204833
818004,483684
161391,157759
161391,161442
161391,190894
161391,323232
161391,468070
161391,603284
161391,776615
161391,1029632
432764,424895
432764,437179
432764,541092
323245,311899
396353,300121
396353,409825
741519,377686
741519,757563
4219,783549
747558,541092
3334,36
3334,44
720177,25307
720177,859171
503685,34754
1103067,405506
1103067,409768
1103067,508195
1103067,654710
1103067,817969
1103067,1106431
71789,71786
71789,160999
294017,229301
733910,796191
367473,347186
367473,483684
367473,818003
367473,818004
607952,2468
607952,2518
331523,399605
91918,404101
985627,229370
985627,686555
30907,2709
30907,2728
30907,48140
30907,927793
71801,2942
71801,229301
71801,644922
649878,30905
649878,479378
649878,496296
649878,500524
649878,915148
649878,935797
2609,1075699
894565,261822
894565,496290
894565,502792
894565,654710
894565,879492
829785,16276
776641,7048
776641,7059
776641,421100
1062027,478023
810254,421417
553601,71752
553601,217394
553601,217479
3361,734
508361,404101
508361,490044
508361,587034
508361,686667
36852,356423
36852,396031
36852,404101
36852,587034
7026,157833
7026,421087
7026,796197
7026,849642
706294,608685
849640,421100
966470,78173
966470,103473
966470,592224
966470,628579
966470,636341
132337,403392
132337,674049
132337,981572
1008302,181625
71868,217514
1904,724124
615164,91374
615164,229332
615164,887282
926049,696073
3665,922474
242565,105171
242565,300121
242565,879991
242565,879992
528403,654641
528403,827115
794186,180519
396021,797182
396021,887310
554837,242580
340879,48083
340879,409823
340879,479343
340879,503685
340879,769538
340879,906434
496282,421665
496282,437147
496282,479358
496282,500509
496282,541092
496282,696058
496282,720170
569386,615161
569386,615193
922156,27591
922156,190894
6796,796705
6796,1106346
23956,23958
23956,797282
2720,357039
78225,404014
48099,2684
48099,2688
48099,2700
48099,2702
48099,654710
48099,879507
30888,2684
30888,2688
30888,2700
30888,2702
30888,123162
30888,261822
30888,496282
30888,508195
30888,541092
30888,654710
30888,879507
30888,915123
634270,806634
496185,269982
496185,281793
776615,6961
776615,157759
776615,686611
776615,733910
776615,796191
79663,79662
112468,340839
112468,479385
112468,502797
112468,502798
112468,696066
940737,82935
940737,554168
940737,922100
192582,852764
352025,922441
528764,63039
528764,548971
810214,340839
810214,1047307
834680,827097
834680,894719
268,113098
71832,202132
432677,2761
432677,479352
432677,496305
432677,500510
432677,696066
528754,71859
528754,510423
528754,829802
125633,2745
341778,103473
341778,341778
341778,341918
341778,438466
341778,554328
569392,229370
569392,396051
569392,396074
569392,1021832
569392,1029631
334184,53534
2233,331802
496296,437179
496296,479378
496296,500524
496296,541092
132280,356486
132280,696045
123162,409825
123162,541092
123162,654676
69605,756429
587068,797235
587068,829817
208631,613931
359230,212861
359230,359238
359230,1041952
217513,787589
887300,417434
15994,367922
15994,396031
15994,569375
684450,333838
684450,348650
787557,508414
787557,628559
775110,16071
775110,103468
775110,404056
413581,737191
413581,784178
250,54659
1083064,339812
1083064,763980
1083064,973589
413951,587034
528706,528706
528706,628510
528706,1092479
872649,82741
872649,455668
872649,872649
872649,916887
872649,941088
102,97
696053,123177
696053,500486
696053,508195
696053,541107
696053,696045
334166,558004
835615,1016180
53534,348650
53534,773036
741,1640
741,891067
397424,63297
397424,157696
397424,674892
397424,1048319
397424,1077538
397424,1102823
490218,268671
281793,269982
5722,574599
5722,789864
787607,16276
787607,23984
872671,132280
872671,300133
872671,356486
872671,437179
872671,696053
455574,852778
455574,872661
455574,979663
479662,123148
160976,217391
963851,1095646
916873,34754
773112,816157
398417,167900
181551,134968
402190,544190
402190,1048319
204833,441562
204833,483684
797244,229310
797244,887282
592902,788811
368206,18526
368206,161406
368206,161410
368206,554372
368206,686678
368206,776655
935797,479378
935797,496296
935797,500524
935797,915148
935797,935778
1000033,6949
696058,500509
872689,261822
872689,915123
891067,50875
891067,607482
891067,1117427
936771,171473
356335,157845
356335,797265
874536,25492
874536,242625
874536,696073
874536,926049
608697,2561
608697,2565
608697,2570
608697,2609
1092479,604195
1092479,628510
1092479,1050081
377585,141019
377585,432747
614420,19860
614420,357061
614420,405506
614420,409768
614420,508195
614420,654710
614420,817969
614420,1106431
11075,103468
967,1683
967,940456
528444,2778
528444,502869
528444,686435
528444,720195
528444,822582
134189,82864
724154,891067
229039,835562
229039,884179
229039,1058807
822503,266875
822503,346918
822503,385105
822503,638275
822503,822498
614486,614486
145224,432560
479378,696089
479378,817969
30997,2737
30997,25346
30997,79664
30997,347144
30997,409816
30997,500519
30997,582848
30997,654696
30997,769741
30997,915123
502823,2688
502823,2702
502823,30888
502823,48140
502823,123162
502823,500520
502823,541092
502823,649864
502823,769566
502823,769572
502823,927815
502823,935790
904040,63576
904040,259987
904040,990791
922100,82935
922100,554168
922100,940737
525062,216535
525062,216538
525062,331526
525062,607466
525062,607473
525062,685740
654676,541092
654676,736816
922119,103473
922119,169568
922119,438466
922119,490040
922119,757563
922119,922119
1039275,34754
1039275,503685
979660,167900
979660,398417
979660,553428
544209,157696
489915,16072
489915,36865
489915,91375
489915,455686
489915,490066
489915,644926
489915,829754
489915,829765
489915,1096245
71856,367910
71856,396055
71856,490044
769721,347144
769721,500509
769721,500510
769721,696058
769721,696064
769721,859070
769721,862573
769721,862575
769721,869470
725233,914916
317090,19860
966909,48188
966909,63576
966909,574599
966909,574602
5982,922100
160987,2934
160987,787589
496328,500509
496328,696064
496328,720206
496328,769721
496328,769746
496328,859070
496328,862575
660633,522273
660633,787612
862575,347144
862575,541092
834778,25473
834778,123162
834778,300121
834778,437175
291332,940737
569353,395993
687074,608685
687074,737189
687074,737212
610637,2216
610637,394425
510423,2931
510423,212831
510423,259987
1139697,773081
181740,69544
181740,245806
1064172,6796
1064172,6832
1064172,216568
1064172,933174
554143,356473
554143,403487
554143,555369
554143,675085
71864,160974
71864,201875
71864,855300
71864,1057925
968118,221732
968118,775081
968118,852764
968118,852799
968118,974556
1031832,82950
1031832,103473
1031832,103495
1031832,341778
1031832,628579
1031832,1016180
933353,27467
933353,356374
866807,338339
3421,3074
479398,508195
479398,654710
478049,2684
478049,2688
478049,2700
478049,25461
478049,30895
478049,479343
478049,654710
478049,720206
1017117,553428
192731,827332
738021,255570
738021,587132
829818,91374
478023,261822
478023,432651
478023,502844
478023,894541
300117,879991
300117,879992
27460,7009
27460,686577
887310,18518
887310,268671
887310,622089
887310,816157
78146,799306
24007,356376
421147,490196
446620,48083
446620,916873
491273,522464
6829,796681
179706,444520
179706,455574
179706,787900
179706,789887
179706,852811
179706,919781
179706,919783
179706,919785
179706,922475
179706,1111565
405449,747515
405449,1030151
574667,63576
574667,259987
827177,167900
827177,553428
827177,1071973
79675,240301
421394,6809
421394,105682
421394,877560
421394,964012
2906,787556
2906,797234
2906,797281
23984,16276
23984,36867
161406,6952
161406,161410
161406,421041
161406,686678
161406,776628
18956,359233
736815,747483
736815,880027
71859,768862
71859,783456
3404,682
3404,687
588295,478049
588295,611473
588295,675014
6992,18526
6992,849679
6986,770351
6958,421072
6958,835615
6958,1016180
2737,25346
2737,79664
2737,432778
2737,479385
2737,500519
2737,696045
2737,696053
3239,318
967757,967758
403352,82840
403352,341744
403352,341793
50052,918440
5816,103474
380279,123177
380279,654641
380279,747483
582326,2260
605212,2756
605212,261819
605212,479343
605212,776697
1030658,541092
1030658,747503
1030658,747558
88125,7424
160993,91375
160993,604228
160993,644929
3685,789895
4129,827332
4129,983868
6954,421044
6954,686683
797181,151580
797181,367934
797181,686667
859175,405449
859175,554744
859175,1030151
757570,16004
757570,632260
677012,413581
677012,687074
677012,737212
677012,737970
553602,36888
553602,217479
553602,604232
553602,829818
71852,160987
71852,160999
490043,173840
1125499,657828
822525,63037
822525,112416
822525,500494
822525,502864
822525,769559
822525,769739
822525,885882
987693,919781
36847,829816
291077,78173
291077,103493
291077,132342
291077,554328
291077,636341
291077,757563
720186,204935
720186,508195
720186,747506
1055226,455574
1055226,872661
1055226,919742
1055226,922474
1055226,979663
2942,787622
1006318,1130368
1006318,1136916
512826,334166
512826,558004
512826,607482
432680,649876
432680,935778
796198,1048319
286750,356473
286750,553733
286750,554143
286750,589277
286750,675085
927808,2733
927808,123162
927808,421665
927808,496282
927808,654676
927808,859079
738008,687080
816697,783639
1252,491344
874545,2733
874545,380279
874545,479360
874545,654641
874545,654646
874545,696045
874545,769733
874545,927813
874545,991036
396091,887343
787571,644926
323240,7026
323240,91344
323240,157833
444523,228854
444523,852811
444523,852812
444523,919781
444523,919785
455676,1122728
1002575,162851
1002575,393905
1002575,479352
1002575,879499
849658,18526
849658,796191
541286,479352
960852,6815
960852,169505
960852,421417
960852,460290
960852,1092975
217426,217408
217426,604317
217426,604318
987687,179732
987687,855349
686387,2767
686387,264569
686387,479352
686387,980706
610599,2316
922121,757563
1115545,334166
1115545,558004
348650,773036
686667,773154
686667,816209
736816,242578
736816,747513
736816,867306
736816,879991
736816,879992
736816,880027
736816,1030151
613931,553428
1136,940528
638282,340899
638282,432778
229330,18590
229330,151568
229330,816204
346918,261822
346918,649877
346918,769554
3065,1176
823194,456753
823194,823198
674191,389681
674191,389697
2696,2700
2696,123162
2696,479398
2696,496317
2696,541092
2696,654710
2696,720195
261819,25461
261819,123101
261819,479343
261819,654641
261819,769732
261819,835665
261819,880027
775154,539780
490064,16276
490064,36865
490064,413514
490064,644926
490064,644959
403476,26158
403476,675058
1045766,173810
1045766,223263
1045766,341795
1045766,356460
1045766,380128
1045766,510021
1045766,632260
812050,500524
1110699,592866
872704,872661
201875,2861
201875,2903
201875,217479
201875,1057925
574716,261856
574716,385121
574716,479385
574716,654641
569355,395993
7206,1673
7206,1680
7206,1971
809391,357061
809391,508195
809391,654710
809391,769535
809391,879508
809391,915123
773111,622089
50875,359714
50875,607482
615135,229332
615135,229360
1113013,216535
1113013,216538
1113013,525062
1113013,607464
1113013,607473
1113013,749930
1113013,846347
4318,1424
610648,334166
610648,451009
151568,18590
151568,887282
151568,887343
91746,2233
91746,331802
269889,292879
269889,404101
359265,63576
36834,797182
36834,829789
894554,2764
894554,30992
894554,261844
894554,261856
894554,496317
894554,688778
894554,696089
894554,769528
894554,879462
894554,927815
852778,979663
705618,579303
500478,347185
500478,437112
500478,437147
380302,508178
380302,654710
380302,817969
356387,26158
356387,887277
773153,622089
773153,773110
796191,490183
7048,421041
7048,421100
7048,609279
7048,849653
7048,880001
1441,428610
1088070,24151
1088070,687879
491382,699507
508410,367922
49188,771009
1139696,151586
1139696,245769
1139696,343735
1139696,413569
1139696,413575
1139696,607757
1139696,686555
1139696,737961
1139696,784178
1139696,1059912
563172,53534
563172,333866
563172,773036
887336,613480
887336,773110
887336,796223
555324,26158
555324,258436
555324,438413
946843,221732
946843,827165
5457,5464
1014467,6961
1014467,157759
1014467,161391
1014467,190894
1014467,323294
1014467,468070
1014467,490183
1014467,686611
1014467,733910
1014467,796191
301651,36865
301651,644959
720,1708
326197,2767
326197,264569
610674,887666
373627,491382
373627,501703
229361,151563
994793,690843
260893,82741
260893,916887
922494,3676
1131981,654641
456690,607466
456690,777051
456690,840900
456690,904390
1068483,331513
1068483,399607
1068483,1010072
333832,338339
333832,970862
926066,169568
926066,323290
926066,660496
432691,421712
432691,649851
432691,834738
432691,927792
432691,927796
604457,27584
604457,858608
822547,112489
1846,512831
776616,421100
396055,367910
604233,23913
604233,367922
797720,91746
797720,91864
797720,192660
797720,331802
638297,2748
638297,421100
638297,1139331
380265,123101
380265,123162
380265,242565
380265,300121
380265,541092
380265,654641
380265,879992
380265,1030151
380265,1030658
1030151,867306
1120236,2471
1120236,2478
512840,558004
140221,286652
1010072,331513
36859,797282
587082,27467
587082,103468
587082,356374
291253,922100
291253,1086131
347186,483684
347186,818003
347186,818004
609335,242580
609335,867306
609335,1030151
170947,157845
183377,413563
183377,909915
413569,784178
904595,625460
2447,356473
2447,554143
553561,71852
553561,160999
553561,217512
553561,528792
553561,1009482
217326,1048976
769562,2713
769562,496286
2733,123162
2733,479360
2733,541092
615182,91295
615182,516744
249261,167925
249261,398387
510483,574587
510483,745334
121318,579222
942,816226
104011,403487
104011,553733
104011,554143
104011,741518
554353,151568
91387,7040
91387,849610
756448,486267
756448,773036
16322,356428
16322,404014
16322,686667
16322,797281
6603,103427
865552,34754
865552,48083
865552,916871
769535,261822
769535,405449
769535,479352
769535,915124
545933,846418
545933,933174
820555,34754
820555,48083
820555,367499
820555,916871
223261,223263
223261,223269
223261,1022787
960863,496322
686675,421148
36890,15956
36890,16032
36890,396071
36890,396088
36890,797281
36890,829792
682508,234788
682508,341744
682508,425928
1012369,789623
326146,356334
326146,404092
63039,219149
4227,192731
4227,208582
4227,827332
4227,983868
2782,496320
2782,496322
2782,500509
103490,438509
103490,892763
103490,1044742
922474,455572
922474,789887
922474,919742
922474,919828
922474,979663
674997,6788
674997,6815
674997,257268
674997,456690
674997,733781
3905,502788
351974,221695
351974,775081
351974,940673
351974,946864
877560,6813
451055,188509
451055,333866
451055,684450
654644,242625
654644,409770
654644,409820
654644,747506
654644,879992
654644,1030151
1407,492431
1407,789623
432751,79664
432751,500519
274751,509535
274751,1020451
781613,359233
781613,359238
3224,890
1096250,1016180
1096250,1081957
257268,6788
257268,6815
257268,657828
257268,840900
323256,7062
323256,229398
451009,144712
451009,334166
23884,367940
500473,347144
500473,690843
5524,5315
510053,892618
751133,217394
751133,489919
751133,628632
922475,789887
922475,919742
922475,919781
922475,919783
922475,919785
922475,979663
405506,19860
769752,167904
769752,398382
769752,508186
769752,654641
769752,677613
769752,677616
769752,696094
769752,1121696
261844,2709
261844,2761
261844,2771
261844,123101
261844,479352
261844,496308
261844,688778
261844,696066
261844,720208
261844,879499
775152,356460
775152,1045766
1077538,63297
1077538,770333
202249,829818
202249,1100520
883020,6856
883020,460290
883020,840391
450999,486204
1057925,628559
1057925,787556
1057925,797181
1057925,1012313
356374,27467
2883,604230
2883,787577
749930,216535
749930,216537
749930,216538
396088,797281
477794,499378
380159,103495
528697,78146
323294,190894
323294,776615
323294,879991
323294,879992
927796,479378
927796,479385
927796,879461
973589,339812
973589,362353
973589,763980
377602,82561
377602,840900
181625,2942
181625,660615
870002,291169
870002,326529
870002,326590
870002,326594
870002,710777
162898,496305
6941,261822
6941,654641
421645,123148
143024,160968
783639,331523
783639,399605
859171,437095
859171,818004
227185,228861
2496,419555
2833,787570
794205,456690
632240,26158
632240,438413
921852,63090
921852,161391
921852,190894
921852,261856
921852,323294
921852,357061
921852,1014467
921852,1029301
722506,323240
935798,421712
935798,496286
935798,579506
935798,654710
935798,696064
935798,696083
1102823,63297
1102823,490202
1102823,770333
1102823,1077538
587106,91374
587106,615164
219205,294012
572583,690582
71880,2980
71880,404014
71880,1012313
30905,479378
30905,496296
30905,500524
30905,915148
30905,935797
36888,586941
36888,829760
974556,167900
974556,553428
520,940528
852784,852819
380128,103490
380128,438509
380128,636372
71830,161011
2895,16181
2895,367879
846347,607464
326590,326594
326590,710777
328840,30895
328840,261822
328840,432693
328840,769543
328840,769566
328840,927815
587147,797281
398387,249261
217394,489919
217394,490066
217394,628632
217394,686667
217394,1011209
326309,393905
326309,479352
103427,438413
103427,892618
857853,639843
4088,479352
4088,502798
1012313,103427
1012313,151516
1012313,151581
1012313,343735
1012313,356423
1012313,356428
1012313,367879
1012313,395999
1012313,396021
1012313,404014
1012313,615152
1012313,615154
1012313,615191
1012313,686555
1012313,773112
1012313,797181
1012313,797182
1012313,797183
1012313,797235
1012313,887282
1012313,1029631
688785,2684
688785,25473
688785,123162
688785,437147
688785,541092
688785,834778
769543,2761
769543,2764
769543,162851
769543,261822
769543,261844
769543,479352
769543,496308
769543,496317
769543,688778
769543,696066
769543,720208
769543,769528
769543,879499
769543,927815
923870,878416
638321,654641
866099,320798
866099,899975
405225,437179
78210,455658
1140714,984530
935793,347144
654687,242654
654687,736766
24083,404014
24083,773112
24083,797234
1057323,1041266
956573,82561
956573,105682
956573,421394
1048340,963851
1048340,1095646
932568,82840
932568,103427
932568,341744
2852,628529
2852,787584
6999,421087
6999,796197
3708,352012
3708,919742
3708,922474
380266,123148
380266,409823
380266,654641
380266,880027
380266,1030151
548971,63039
548971,219149
36867,16276
36867,829785
604229,797181
604229,829817
1122731,151568
1019942,245824
1019942,1059906
686644,157845
686644,770351
686644,849685
4147,492823
4147,613929
4147,983868
528748,217320
528748,217451
528748,219149
1069678,261819
654015,402571
574599,27584
574599,63576
574599,82741
574599,404101
574599,745330
14868,366050
14868,654710
217418,2931
974489,496322
974489,960863
386532,34754
386532,503685
548941,63102
78121,404101
78121,628536
78121,628579
181711,608685
24138,27584
24138,404101
24138,587034
24138,686667
775049,173672
775049,477794
775049,499378
380270,405449
380270,409823
380270,421100
380270,508211
380270,654641
380270,879991
380270,879992
380270,1030151
7067,880001
974201,1003565
437809,1095899
393938,82561
393938,377602
1099230,2733
1099230,496282
1099230,927808
874586,941076
30689,607944
30689,607971
1119,4158
1119,569801
16022,367908
16022,396010
16022,399605
16022,686667
326238,30992
326238,385159
326238,393905
326238,479352
326238,577431
326238,769528
326238,980706
1027225,846418
1027225,1133763
221732,221695
221732,827148
614102,1099326
510021,438509
7009,421123
7009,424931
7009,686577
7009,686590
798249,26321
1047356,112489
1047356,385121
1047356,479360
1047356,479378
1047356,574716
1047356,654641
1047356,654646
1047356,769733
2931,554403
696092,654710
696092,817969
141007,79675
141007,240301
592188,922143
1640,216538
1640,891067
1069774,941077
1069774,1050127
849673,421042
748127,4337
151575,18518
151575,18590
151575,268671
151575,622089
151575,816157
151575,887336
438413,26158
438413,258436
7005,421041
7005,747483
7005,880027
2228,2228
785,338339
575860,3705
575860,922472
334313,53556
334313,343735
334313,773081
490006,326146
490006,356334
357078,79662
357078,79663
357078,827092
357078,849101
1026438,356335
1026438,1052332
508362,508364
216692,216537
216692,331526
451102,188394
451102,784178
451102,858567
217320,217451
217320,219149
217320,674931
341744,103427
902101,1055022
902101,1077537
421087,18529
421087,796197
508213,654704
1029301,161389
1029301,161391
1029301,323294
1029301,368238
1029301,776615
1029301,827115
1029301,849640
12321,173810
12321,380128
12321,1044742
1047307,385130
1047307,502797
787900,352012
787900,455572
787900,775081
787900,787908
787900,922474
1108149,47958
1108149,917248
426777,137559
882667,328574
157834,770351
179732,260995
179732,352018
179732,455587
179732,787873
179732,789895
179732,919781
179732,919783
179732,919785
179732,922472
179732,922475
179732,1111565
179732,1135137
2767,264569
2767,479352
2767,479360
2767,654646
528798,2828
367879,151493
367879,151508
367879,367909
4155,827332
1002943,539625
1002943,675109
757563,82950
757563,103493
757563,103495
757563,112789
757563,341776
757563,341778
757563,490038
757563,490040
757563,554328
757563,628579
757563,636341
460275,105693
460275,456690
460275,777051
460275,840900
775081,167900
775081,221695
741518,554143
367908,686667
824580,859172
34765,432755
377565,916871
377565,916873
151493,796223
151493,816162
217346,104011
217346,455719
217346,490044
787593,508410
1036171,6999
1036171,18529
1036171,323232
1036171,421087
1036171,776624
1036171,796197
1036171,849642
859047,368216
859047,849642
1110008,1037448
505668,63090
505668,1014467
505668,1029301
2863,341776
2863,757563
787558,23916
787558,212831
787558,644946
116552,461543
217440,63092
217440,628562
323290,409823
323290,508185
323290,879992
151527,796223
151527,887336
849653,242625
849653,421071
849653,421100
849653,574304
849653,880001
553554,2968
553554,71856
553554,396055
904390,840900
7018,157833
7018,421087
7018,1046356
818003,204833
818003,441562
818003,483684
368181,161406
368181,554372
368181,776636
368181,797284
245788,2607
245788,608685
245788,737196
245788,784190
563223,334184
266866,2782
266866,340879
266866,377585
266866,478023
266866,496320
266866,500510
859030,27591
859030,82741
859030,916887
217445,229301
217445,356433
569357,396010
1041401,1041399
53245,2260
64997,359233
489937,24116
54659,676808
548999,1014467
548999,1029301
1060670,2761
1060670,2764
1060670,261822
1060670,261844
1060670,340858
1060670,357016
1060670,479352
1060670,496308
1060670,496317
1060670,688778
1060670,696066
1060670,720208
1060670,769543
1060670,769566
1060670,879499
1060670,927815
933174,1013525
926064,261830
926064,916881
1031937,479352
1031937,654710
1031937,688801
1031937,769578
1031937,817969
1031937,927796
323268,421071
323268,835615
859121,849640
161450,7062
161450,323256
161450,397404
946836,1063289
892442,409768
892442,541107
892442,747503
232404,232414
548990,63074
829794,16032
5727,76014
5727,82741
5727,275339
5727,859030
685998,607488
93009,944940
658074,933353
23913,569375
687057,720516
733756,455616
904110,63576
904110,574599
904110,574602
189295,228854
528381,190894
528381,654641
528381,827115
528381,859047
528381,1029301
528381,1031937
528381,1047307
524952,1091009
787561,775110
787561,1012313
332918,846418
332918,933174
927815,2761
927815,496308
927815,496317
927815,696089
927815,720208
927815,915123
528359,261819
528359,605212
528359,638321
528359,692268
528359,776697
528359,921886
228861,228854
769741,347144
769741,409816
769741,862589
52031,261822
52031,502788
25492,242625
188509,333838
188509,334184
188509,348650
188509,557975
188509,684450
82840,103427
82840,341744
82840,404101
921886,692268
326965,840391
1048367,30680
16071,404056
6257,918440
1040262,1044729
29,522540
919783,852811
919783,872661
919783,946843
1100522,7062
1100522,229398
1100522,674931
413515,737165
413515,737167
644930,16185
270870,574587
724440,432670
724440,910978
789887,852815
789887,872661
789887,979663
696073,421100
696073,508178
696073,980706
455560,103473
455560,490040
455560,592224
455560,757563
217478,508342
217478,855300
5822,103473
5822,291101
5822,787900
5822,979663
266865,261822
266865,401933
266865,401936
266865,496317
266865,502798
266865,502836
266865,769543
266865,769566
266865,915123
266865,927815
846418,6799
846418,917031
846418,933174
846418,1037448
356486,123162
356486,432778
356486,541092
356486,696045
609279,880001
690582,572583
827115,161389
827115,368238
982593,455668
982593,941088
982593,1007099
615152,615151
615152,615154
112465,340879
112465,478023
112465,577758
112465,769538
112465,894566
112465,927801
444520,3705
444520,352018
444520,455528
444520,852809
444520,852811
444520,852812
444520,919781
444520,919828
444520,922472
444520,941076
208582,2898
208582,16071
208582,404101
569376,367940
569376,516743
1029775,479352
1029775,577431
995803,212861
995803,438231
162851,479352
162851,696066
162851,869470
151516,268671
151516,686667
151516,796223
151516,866065
787603,16072
787603,151516
787603,489919
1017163,2478
2971,2959
657545,7029
657545,686678
657545,849640
64961,657828
1039434,260992
1039434,946836
639247,333842
639247,334184
2826,604232
413943,202001
413943,326036
413943,528706
413943,628510
413943,1015897
413943,1050081
87958,2492
632969,879991
632969,879992
632969,1030151
632969,1121696
683265,263079
683265,683263
23900,326146
23900,356334
879507,2684
879507,2688
879507,2700
879507,2702
879507,347144
879507,508195
879507,654710
879507,879508
720208,696089
367891,229312
1051836,242625
1051836,380266
1051836,508185
1051836,508186
1051836,542439
1051836,677613
1051836,769752
1051836,799820
1051836,835615
1051836,859129
1051836,1121696
1020207,82741
1106026,64997
1118685,6815
1118685,82561
1118685,169505
1118685,169509
1118685,421417
1118685,456690
1118685,524937
1118685,840900
413575,343735
413575,737245
413575,784178
686434,496317
686434,696066
686434,980706
357016,123177
357016,696066
525375,444520
525375,455528
525375,575861
525375,852809
525375,852811
525375,922472
525375,941076
525375,1135137
602435,622202
882991,377607
882991,432747
882991,775219
818117,245882
818117,686984
818117,720512
818117,737189
41489,579560
1135137,946836
640333,2233
640333,91746
640333,331802
3283,564
1067506,36859
1067506,151586
1067506,615143
1067506,644901
1067506,829776
25454,654710
25454,859085
3705,789895
3705,919781
3705,919785
3705,922472
444623,88114
444623,352012
444623,525332
444623,575860
444623,787908
444623,872661
444623,919742
444623,922474
245669,380675
216670,216568
1068318,409816
1068318,817949
553503,82840
553503,103427
553503,132338
553503,257055
553503,326096
553503,341744
553503,508414
553503,528637
553503,587071
553503,855300
827,1704
2748,242625
2748,769713
455686,91375
455686,421147
455686,1009482
692268,242625
25307,347144
25307,500473
25307,500494
140718,675014
140718,834747
245769,737961
245769,784178
2891,490002
2891,604232
395999,91374
395999,229332
395999,490211
395999,516685
395999,887282
1067885,1030871
161389,190894
161389,323294
176230,216537
982141,167900
982141,827177
982141,1071973
161437,6978
352018,978015
352018,1111565
836450,490100
1121020,2856
1121020,2863
1121020,78173
1121020,78226
1121020,490040
1121020,757563
1121020,1057925
607482,419569
607482,648301
607482,1117427
469450,425747
751088,773143
751088,855349
751088,1052332
751088,1122728
880001,516595
632260,103490
632260,438509
632260,510021
632260,892763
632260,1044742
40,491382
983868,132209
983868,134239
983868,192731
983868,296150
983868,569801
983868,675072
983868,783549
983868,827332
348,1330
657819,841728
1051975,424895
1051975,541092
1032975,2520
3338,50052
3338,918440
688801,479378
688801,496327
112731,25307
112731,347144
112731,500473
112731,500494
112731,720177
613929,296150
613929,827332
613929,983868
1063131,25487
1063131,541092
1063131,1027084
1063131,1051975
778248,338339
3234,1017
696106,300133
696106,409820
696106,508186
696106,654641
696106,1030151
36879,396051
36879,1021832
946059,508363
293946,103473
293946,112789
293946,490038
293946,490040
161004,217394
161004,628632
161004,773154
161004,1011209
787556,23916
787556,24083
356433,229301
356433,356311
356433,438465
356433,892678
688784,161434
688784,356988
688784,769732
688784,879992
604462,431203
604462,787589
5776,82741
382030,338339
382030,558004
382030,607482
296244,335758
1096245,421147
1096245,490196
1096245,686644
1096245,887285
1096245,887288
773143,796159
1034416,68065
721205,437809
23889,36852
23889,829761
409825,300121
409825,541092
409825,879992
409825,880027
409825,1030151
829754,91375
829754,229310
829754,421147
528613,589347
1019368,341795
1236,1752
1007082,240301
1007082,340913
1007082,973589
1007082,1083064
402571,261830
660496,380266
660496,654641
660496,1030151
1330,348
152164,151719
152164,553733
615138,151498
502844,347144
502844,496286
502844,582848
502844,649851
559440,2561
559440,2565
559440,2609
559440,135032
559440,608697
559440,1075699
116023,461543
71777,217392
732,1746
732,889429
18518,268671
18518,866025
18518,866032
18518,866065
397410,686678
397410,776697
669427,891067
3691,3705
3691,919781
3691,919785
3691,922472
806338,632705
806338,983249
554168,26158
554168,82935
554168,675028
858395,543726
413957,71864
413957,508414
413957,528637
636341,16296
636341,82950
636341,103473
636341,103493
636341,341778
636341,438466
636341,554328
536782,479352
536782,508195
536782,654710
644957,23946
644957,829819
628536,554328
628536,628579
368185,7018
368185,7026
368185,91344
368185,157833
368185,674931
409820,409770
409820,747483
409820,1030151
437372,644927
437372,770124
437372,770142
1111097,867377
377581,82561
377581,357113
377581,456690
397764,6862
397764,774529
6001,916887
502788,261822
78144,489918
78144,586946
78144,1009482
922225,922156
604294,946045
103495,103473
103495,892618
216537,216535
216537,216538
216537,331526
563194,486204
563194,955729
733653,1068318
25473,347144
25473,500509
25473,500510
25473,769721
25473,862573
4142,192731
4142,983868
4142,1067986
275339,632262
275339,789864
275339,1000560
5040,5048
455528,852809
3676,3681
3676,922494
974487,48083
974487,916873
31398,975362
294000,7009
294000,356349
294000,421123
294000,686590
266875,261856
266875,385105
266875,479378
266875,611438
266875,769572
266875,769578
266875,879461
113098,769436
217309,1012313
1038522,409821
1038522,541092
1038522,747506
1038522,879992
1038522,1030151
817949,409816
817949,674993
7023,770359
6568,233444
746663,647404
746663,926084
508412,784178
508412,797183
654641,747483
654641,747503
654641,747558
654641,835615
654641,1030151
500510,794205
720462,413515
333854,335423
587089,356355
621348,205382
621348,525310
219232,657569
219232,1077538
23964,16072
23964,16218
553590,160996
763978,413750
763978,657828
431266,2801
431266,799365
431266,829780
421712,479398
421712,654710
421712,859085
1005334,6788
1005334,257268
1005334,456690
1005334,607466
1005334,657828
1005334,777051
432670,377607
686439,2761
686439,2764
686439,421712
872661,852778
872661,979663
356052,348714
267452,2767
267452,30976
267452,264569
3370,407
797282,151527
797282,796223
797282,887282
889189,30870
889189,30876
889189,720195
889189,927794
496,1928
1134407,852811
1134407,919785
1134407,978015
1134407,979663
1134407,1111565
615154,615151
615154,615152
769739,432778
769739,508178
769739,696045
91344,7023
91344,7026
91344,157833
91344,674931
91344,770359
91344,796197
91344,849642
615191,151575
615191,887310
615191,887339
1036174,240343
1036174,367864
157696,63232
157696,63297
690829,1129764
1229,1928
577431,479352
577431,502798
94578,323294
94578,405225
1020337,2684
1020337,30870
1020337,30876
1020337,105171
1020337,502869
1020337,541092
1020337,720195
1020337,809323
1020337,879507
1020337,915123
1020337,927794
1020337,927808
984314,427231
984314,427235
984314,579178
4388,228861
4388,228873
333866,53534
333866,367910
333866,557975
333866,773036
607466,216535
607466,216537
607466,216538
607466,657828
4198,983868
134239,783549
134239,827332
4010,357016
326284,162851
326284,401933
326284,502798
326284,577431
326284,927815
587072,356349
587072,516686
352033,486395
946064,82741
437131,7005
249486,257268
249486,647404
249486,1005334
103493,229276
687080,687074
687080,737191
140999,105687
140999,432751
140999,817949
6585,48273
6585,91099
6585,1008299
867377,574304
983424,532982
737212,608685
239172,402190
239172,544190
239172,1048319
737961,522273
737961,686555
737961,784178
644909,151586
15930,396010
161025,160987
1136867,402190
1136867,1048319
1136867,1077538
894558,357061
894558,479385
894558,502797
894558,654710
720206,25461
720206,347185
720206,769721
720206,859085
587149,608685
686435,2764
686435,162898
4291,983868
628559,24138
628559,356428
628559,404014
628559,490053
673434,796705
524937,6815
524937,82561
524937,456690
524937,840900
413821,490202
956566,6856
956566,460290
2968,36851
2968,396055
880732,2609
588262,385130
588262,810214
588262,1029301
588262,1047307
393905,162851
393905,479352
393905,879499
1122730,490202
1122730,1077538
160977,2856
160977,2861
160977,2863
160977,78173
160977,78226
160977,554328
160977,855300
160977,855311
2814,587147
991402,173810
991402,380128
145355,91746
145355,91864
145355,192660
824574,696064
824574,696066
824574,915123
638275,2709
638275,30905
638275,266875
638275,611438
787873,789850
787873,978015
741595,27584
741595,269889
741595,554143
161394,6999
161394,323232
161394,776624
161394,1029632
103474,26158
829817,569392
829817,797181
3910,357016
367934,151493
367934,151580
367934,367909
367934,887310
25346,79664
25346,347144
25346,500519
829877,2684
829877,2696
829877,30870
829877,123162
829877,479398
829877,500473
829877,541092
829877,862587
829877,879498
829877,879507
829877,927794
25487,405225
25487,432747
25487,432764
25487,437179
25487,597170
25487,1050637
347158,409816
347158,817949
23982,569377
23982,569393
169509,82561
169509,524937
169509,840900
104120,757563
359238,359233
359238,835562
441562,180519
441562,483684
3173,7211
3173,7224
632036,48083
632036,478023
632036,820555
682652,741519
682652,757563
4274,827332
4274,983868
108586,554328
108586,1008299
1624,1630
816162,866065
816162,866086
855302,644922
855302,784190
855302,1073899
105693,579541
611459,30992
611459,393913
611459,479352
611459,769528
592210,293946
592210,326096
592210,490038
592210,490040
592210,757563
232414,48264
232414,232404
232414,261830
232414,347144
232414,456753
232414,508195
232414,654710
232414,696083
232414,926064
232414,1112652
849685,157845
849685,835632
4207,983868
776633,91316
657589,6999
657589,18529
657589,776624
657589,796197
3185,648301
2756,25461
2756,479343
2756,675014
2756,880027
797183,343735
797183,686555
477767,216535
477767,216538
477767,525062
477767,607473
477767,846347
94620,500486
94620,508195
94620,579546
94620,654710
94620,1106431
91228,674931
293940,82741
293940,112702
293940,155037
720446,2561
720446,2609
720446,135032
1124106,264569
1124106,357016
1124106,479352
1124106,479360
1124106,654646
1124106,720208
688770,2688
688770,2709
688770,2728
688770,769721
688770,879470
688770,879507
688770,927793
904032,1063769
359233,835562
173672,296407
173672,428610
173672,477794
173672,499378
3412,1897
18529,796197
855311,78173
855311,554328
855311,628579
855311,855300
333758,143454
333758,334275
7186,754
894566,34754
894566,340879
894566,432747
894566,502869
894566,503685
894566,769538
894566,916871
894566,916873
151496,816162
151496,866086
978015,658186
859169,500494
859169,859075
351132,2728
351132,2778
351132,261822
351132,377585
351132,424895
351132,769566
351132,894546
351132,915123
351132,980706
536766,2720
536766,357039
536766,479378
300121,879991
300121,879992
300121,880027
36893,797281
36893,829791
996594,217297
522540,569801
644931,356310
644931,395994
644931,399605
644931,783639
644931,797281
24151,687879
508385,508386
508385,983249
508385,1067506
77708,892476
696096,242625
696096,323290
696096,654641
351998,167900
351998,455538
351998,628579
229410,674907
604266,155037
604266,293940
4216,492823
4216,613929
4216,983868
78226,24138
78226,404101
78226,508361
78226,587034
975448,555369
975448,675085
1050865,179680
6788,657828
6788,840900
6983,849640
490002,1011209
5753,1099326
5753,1137093
879479,347186
879479,367473
879479,500524
879479,818003
879479,818004
5898,292266
2909,23885
2909,644926
2909,784190
2909,855302
437095,483684
437095,818004
587066,15950
587066,615228
587066,1052333
916871,2751
916871,34754
757455,134968
757455,287325
575838,291101
608685,2483
258436,26158
880027,879992
79662,79663
219149,157845
219149,674931
347144,347144
3389,560
341793,26158
30173,30173
859089,409825
859089,508195
859089,696083
24091,134953
24091,151563
24091,229361
24091,587150
24091,773081
1130371,63576
1130371,259987
500524,204833
500524,541092
500524,557256
500524,818003
500524,818004
783456,768862
660634,169568
660634,334302
660634,522273
835632,490200
359714,607482
359714,648301
359714,1117427
496286,347144
496286,479378
496286,769741
921928,91375
921928,160993
921928,188584
921928,455686
638296,112465
638296,478023
638296,577758
638296,654641
638296,769538
261837,162851
261837,357016
48273,112789
48273,293946
48273,554140
48273,574587
48273,757563
48273,984227
242578,880027
787592,23956
787592,23958
787592,23981
787592,24041
775109,404101
6869,657819
2437,589193
613485,901886
352050,221732
352050,455574
352050,789887
352050,852778
352050,852799
352050,872661
352050,946864
333770,69605
333770,756429
431218,181714
431218,217514
431218,508389
431218,686962
431218,784141
326107,6809
326107,964012
769732,161434
769732,380265
769732,380279
769732,654641
769732,879991
769732,879992
858608,660591
858608,660615
1388,99095
217479,36852
217479,404101
502754,216538
2851,569392
2851,946050
16024,674859
1100520,829818
1100520,1050777
983634,6860
983634,1106346
587031,16072
587031,151516
587031,569347
1013750,2767
1013750,261822
1013750,1124106
41484,112468
41484,112489
41484,261822
41484,340839
41484,357061
41484,502797
41484,915151
261051,769535
575864,444520
575864,575860
575864,922472
483684,180519
483684,271050
483684,994793
1031954,2706
1031954,479352
509535,1020451
1135144,455554
1135144,455668
1135144,872649
1135144,941088
259987,615202
495089,774529
188584,333831
492763,501714
1842,880751
181712,737196
181712,737955
181642,720462
105200,690829
105200,1129764
489920,16274
489920,829771
36821,569353
770107,242625
71810,2931
71810,108590
71810,829802
71810,1014465
776624,6999
776624,421087
776624,849642
776624,1029632
176231,933174
293978,368216
293978,849642
293978,859047
683551,414913
683551,683551
36009,606396
36009,702156
6558,279938
492824,134239
492824,412114
492824,613929
492824,983868
615713,340899
1026962,338473
822498,266875
822498,611438
822498,638275
822498,822503
343735,18590
343735,151568
343735,686555
5683,82741
397404,161450
397404,323256
397404,554416
4158,569801
4158,827332
78296,16032
413750,657828
413750,796705
508195,409825
508195,654710
508195,817969
451086,2942
451086,181712
451086,245788
451086,334224
451086,787616
188587,245788
188587,334224
188587,557916
188587,784178
188587,784190
1000668,123148
1000668,123177
1000668,380266
1000668,409823
1000668,654641
1000668,660496
1000668,769748
1000668,1030151
687001,331525
687001,829794
769530,479343
769530,508195
769530,696083
769530,834747
1012720,338339
36839,16022
36839,16322
36839,356428
36839,367908
36839,404014
36839,1011209
829802,157845
1105484,291127
1105484,710709
212861,835562
887968,737167
2914,78144
2914,91375
2914,1009482
516743,367940
1055022,974201
1055022,1003565
433525,6788
433525,456690
433525,657828
94625,25449
94625,769752
94625,835615
4565,4571
71786,2939
71786,2942
71786,160999
71786,161001
71786,660615
927820,500473
927820,862587
787566,508364
123101,242565
123101,300121
123101,654641
123101,879992
123101,1030151
4167,26158
4167,569801
16274,569332
7179,6357
7179,6514
25362,79664
25362,432747
25362,500519
25362,654710
2885,15956
2885,587115
941076,167900
941076,658186
941076,941088
3699,455572
105885,1042786
4422,4440
258042,1020451
181592,181711
181592,245877
181592,287241
181592,773081
360299,720528
946871,167900
946871,221699
946871,827177
946871,1063289
579222,816703
835,1721
6697,975361
489895,24041
489895,323294
82561,456690
82561,657828
82561,674997
82561,733781
82561,840900
82561,904390
490107,933353
816157,18518
816157,268671
816157,622089
1070544,242625
1070544,421087
1070544,796197
328834,721205
370274,490202
508178,242565
508178,409825
508178,541092
508178,747483
508178,1118377
432654,2684
432654,2688
432654,2700
432654,2702
432654,48099
432654,654710
432654,879507
432654,927808
78081,489920
78081,591955
371349,1041952
2948,787566
2948,1048976
357113,6788
357113,456690
357113,500510
357113,794205
357113,1005334
894559,261822
894559,654710
894559,906429
676033,30870
676033,638256
264569,696066
264569,720208
368,477794
368,607466
30912,25307
30912,720177
1050637,405449
1050637,405490
1050637,409823
1050637,424895
1050637,892483
1092483,933353
797866,291072
675109,82840
123148,541092
123148,632969
123148,879992
395699,48188
769723,123162
769723,432747
769723,508178
769723,508212
769723,541092
827092,79662
827092,794205
502796,261822
502796,479352
502796,720208
502796,879462
502796,927790
2945,737196
2945,787616
2945,787622
608726,2481
608726,2483
608726,2518
608726,2567
608726,399607
608726,608685
2861,23916
2861,628559
2861,628632
2861,644943
2861,787557
2861,797181
36845,16185
396273,1129764
676031,261822
676031,385152
676031,696064
676031,879492
160965,2959
160965,2964
160965,2971
322602,210149
720489,706289
720489,778232
1005457,332780
30895,2684
30895,479343
30895,720206
818116,134932
783455,63576
783455,212831
783455,259987
783455,574587
783455,574599
783455,904040
7032,686683
2588,331513
2588,419554
849101,79662
245206,53534
245206,579222
1022787,622155
874546,496327
874546,688801
874546,769558
874546,927796
874546,935797
992540,2778
992540,479398
5810,261830
894551,261822
894551,340884
894551,654710
894551,696083
894551,859085
396223,123101
396223,879991
396223,879992
1199,501703
323232,6999
323232,776624
323232,796197
323232,1029632
737955,587149
737955,608685
737955,737189
737955,737211
737955,737212
173826,103495
173826,341918
173826,380159
2598,1099505
919742,455572
919742,789887
919742,872661
919742,946843
919742,979663
1052332,91280
1052332,157845
1052332,674931
1052332,773143
1052332,797265
79669,204833
79669,441562
79669,794186
79669,817974
1084272,261822
1084272,405449
1084272,479352
1084272,991036
2870,1113838
904451,1067885
112489,261856
112489,479385
112489,502797
1029447,242625
1029447,421645
1029447,611477
1029447,647404
1029447,827115
3079,1760
326594,291169
326594,326590
326594,710849
894546,356486
894546,401933
894546,401936
894546,432778
894546,502814
894546,696045
894546,769535
894546,769566
894546,915123
894546,915124
894546,927815
553733,269889
553733,356473
553733,554143
553733,554266
553733,675085
553733,757563
1113981,207865
835663,835665
835663,879991
835663,879992
835663,880027
879470,2709
879470,2728
879470,479352
879470,496308
879470,696064
879470,869470
866758,333832
964012,6809
964012,6813
964012,433450
964012,796703
964012,877560
385152,261822
385152,502792
385152,688784
385152,927801
48083,916871
829791,797281
829791,1050146
396079,797281
160984,2856
160984,2861
160984,2863
160984,2891
160984,604232
243909,179706
243909,827148
769733,380279
769733,409823
769733,654646
660591,1011209
840900,657828
769713,140597
769713,447108
628510,23918
628510,490003
628510,644942
628510,829791
628510,1050146
922851,388554
922851,496290
922851,502788
2771,496308
2771,696066
2771,720208
23958,23956
1021832,229370
1021832,396074
1021832,998152
1021832,1029631
1009095,82741
1009095,293940
1009095,455668
1009095,916887
1009095,941088
321725,409768
321725,654641
385159,30992
385159,393905
385159,401936
385159,479352
385159,769528
386537,48083
386537,377565
386537,604594
386537,916871
993951,770333
993951,1048319
993951,1077538
733781,6788
733781,657828
516744,91295
1062975,2733
1062975,2767
1062975,264569
1062975,479352
1062975,496286
1062975,496317
1062975,686387
1062975,980706
1062975,1124106
985885,82561
985885,674997
985885,733781
985885,964012
940624,946864
666888,104011
145251,432560
747513,879992
747513,880027
3393,1434
78147,36851
78147,489918
78147,644959
78147,829754
737950,301651
737950,343735
737950,644959
737950,784178
737950,1111271
395993,367916
508211,242625
508211,409770
508211,409820
508211,421100
508211,880001
797182,490218
797182,615151
797182,887310
486251,331525
543803,348714
543803,356052
1123,501715
1123,940528
479343,25461
479343,675014
479343,880027
687092,133892
687092,784178
1139331,2745
1139331,2748
1139331,649851
1139331,927796
1630,1624
137604,479352
137604,536782
508346,489915
508346,644926
769566,261822
769566,479352
769566,496317
769566,496322
769566,769721
769566,915123
769566,927815
4750,611477
3669,167900
3669,789857
3669,852784
3669,946871
683263,683265
737196,706294
879992,880027
176211,1106311
5839,975362
1381,501703
646249,657232
173810,380128
173810,636372
613503,417409
613503,899975
512678,134953
869470,696066
879461,479378
879461,582813
787616,737196
1118564,827165
787602,1021832
3928,478023
433500,6788
433500,456690
433500,607466
433500,657828
433500,777051
592897,331513
592897,1010072
114157,858766
114157,1059906
262,570
402214,1081967
725255,654711
1106311,360048
1124356,79662
1124356,79663
1124356,357078
1124356,367499
1124356,794205
879462,2767
879462,479352
879462,654696
879462,696066
879462,720208
677590,123148
677590,632969
677590,879992
1101264,30870
1101264,123162
1101264,500509
1101264,927794
539625,675109
4249,827332
1048976,787566
778235,783666
835665,300117
835665,835663
835665,879991
835665,879992
835665,880027
592224,103473
592224,554328
592224,628579
592224,636341
1103044,123177
1103044,696066
975710,455554
490100,155037
3888,478023
3888,894541
3888,915123
78250,27498
522273,784178
380902,77720
964381,859172
722513,326133
509499,657828
509499,933174
509499,1064172
71752,217394
71752,489919
71752,628632
71752,751133
16185,396010
569393,91295
569393,516744
569393,615182
874551,161434
874551,242565
874551,654641
3256,724124
675058,26158
675058,675058
674993,409816
887288,421147
887288,490196
267480,2767
267480,264569
621883,644959
638256,30870
638256,385152
849679,490183
849679,796191
892678,438465
892678,1000560
112702,155037
455538,974556
116393,773036
205570,82864
205570,922103
798257,26158
798257,258436
217390,1015897
945990,628647
604360,508360
371314,23920
371314,212831
852758,479378
852758,479398
852758,769739
334298,114157
368216,7062
368216,27467
368216,157759
368216,161450
368216,190894
368216,323256
368216,323294
160955,2850
688778,2764
688778,2767
688778,479352
688778,496317
688778,720208
688778,879462
688778,927815
935800,579560
658182,696045
658182,696053
658182,696106
658182,747483
92933,936771
647404,421645
647404,611477
647404,835615
647404,926084
862578,508213
16032,15956
16032,151581
16032,797281
792686,536776
1393,558004
917248,47958
827165,974556
1008761,1098408
4108,112414
569785,338339
776655,6992
479385,432778
479385,696045
479385,696053
479385,859086
479385,880027
674892,63297
674892,157696
674892,1048319
789859,941076
30870,25461
30870,479398
30870,496297
30870,720195
30870,927794
654442,654448
797265,773143
797265,796159
205382,775082
1119724,157759
1119724,161442
1119724,190894
1119724,468070
1119724,603284
1119724,733910
1119724,776615
773081,134953
502814,432778
502814,479385
502814,696045
502814,696053
362345,82561
362345,169509
362345,357113
362345,377581
362345,421417
362345,496322
362345,500510
362345,524937
362345,794205
362345,1106743
362345,1118685
91375,320798
91375,421147
91375,490196
955722,684462
426812,649880
137559,980706
926084,25449
926084,112825
926084,242625
926084,835615
789895,946836
789895,946840
686683,421042
686683,421044
649851,2778
649851,25346
649851,927796
217422,91328
217422,604158
125592,261822
125592,479352
125592,502788
125592,915123
334274,614516
334274,1005457
604195,1050081
858567,2934
858567,621818
858567,660591
500486,508195
500486,541092
500486,654641
500486,654710
500486,1106431
816161,866032
967829,1048340
492823,134239
492823,412114
492823,613929
492823,783549
492823,827332
492823,983868
4179,208582
380260,747483
2607,399607
508212,242625
508212,409768
508212,409823
508212,409825
508212,541092
30680,2503
181688,2478
181688,2915
181688,858766
720195,508195
878371,2801
62018,176211
597149,242625
597149,317090
591955,591955
686611,18526
686611,490183
686611,490211
686611,686594
686611,796191
883091,34754
883091,48083
198672,2782
198672,6788
198672,357113
198672,496322
198672,717317
198672,794205
198672,1106743
502864,242654
502864,885882
508185,654641
508185,879992
1047342,2733
1047342,112447
1047342,204935
1047342,385121
1047342,432778
1047342,496282
1047342,502814
1047342,696045
1047342,769535
1047342,769572
1047342,769732
1047342,927808
1047342,991036
36865,829785
36865,1111271
291101,78173
291101,132342
291101,592224
341776,103473
341776,103493
25370,323290
25370,380266
25370,508185
25370,696096
25370,879992
25370,1030151
53298,2250
1058807,359238
915975,880027
512831,778248
402193,161394
402193,323232
402193,544157
402193,776624
402193,1029632
402193,1036171
402193,1070544
644922,587149
368238,161389
368238,190894
368238,827115
880722,778235
880722,783666
558004,778248
1074012,1120236
155037,15995
155037,112702
155037,326096
675072,341744
319341,478023
319341,502823
677616,242580
677616,323290
677616,654641
677616,747483
654646,300121
654646,405449
654646,747506
654646,747515
654646,879991
654646,879992
654646,1030151
638305,112454
638305,769572
638305,1047342
991024,2778
2801,2991
2801,829771
426849,261822
426849,328826
426849,769566
426849,915123
367940,686555
367940,773110
799820,242625
799820,317104
799820,321725
799820,654641
799820,859126
799820,880027
108554,217297
108554,996594
534274,438465
501715,93167
554276,26158
554276,673986
24180,586928
869111,291072
769542,2764
769542,479352
769542,686434
769542,688778
769542,696066
769542,696089
769542,927790
866258,26158
866258,258436
1124360,6788
1124360,362345
1124360,377581
1124360,456690
1124360,496322
1124360,500510
1124360,794205
1124360,1005334
1124360,1106743
371278,18956
371278,628566
3153,289
3094,407
3094,1474
223269,223263
508342,356428
508342,404014
794154,432747
794154,638256
446623,496322
446623,960863
927813,2728
927813,2733
927813,2767
927813,264569
927813,541092
927813,720186
927813,862575
927813,980706
4989,4996
151581,417409
151581,686667
151581,773110
699406,192660
691763,1050127
919781,455580
919781,852784
919781,852811
919781,852815
919781,852819
919781,919783
261002,352003
261002,789887
261002,872661
261002,919742
305474,48269
305474,48273
305474,395526
305474,710575
305474,710615
305474,783456
403487,675085
768862,63576
768862,212831
768862,259987
768862,510423
768862,904040
591907,983249
528515,2895
528515,16181
528515,367879
909915,151581
909915,796223
855345,1122728
421071,835615
421071,880001
413514,608685
396037,367876
1047354,112454
1047354,112489
1047354,654641
502869,2778
502869,879461
502869,927792
502869,927794
820532,437809
993919,773036
775091,539685
432722,632941
747503,880027
747503,1030151
816179,866093
569381,151511
569381,356310
1053835,477795
1053835,1125499
242580,880027
604198,1100520
1106743,6788
1106743,105682
1106743,357113
1106743,456690
1106743,500510
1106743,508195
1106743,794205
1106743,1005334
5883,757570
396061,151516
784178,343735
787589,301651
787589,489915
787589,644926
787589,799306
787589,1111271
489919,16022
489919,404101
489919,1011209
502797,162851
502797,261822
502797,479352
502797,696064
502797,696066
502797,720208
979663,221695
979663,827148
525342,614474
525342,775081
525342,787900
525342,787908
525342,922474
525342,968118
2483,2567
2483,788811
217319,859015
705569,2852
2728,204935
2728,541092
2728,769721
2728,862575
794168,161389
71863,797181
496327,347185
496327,479378
496327,827104
1126401,82896
508414,587071
508414,628559
79070,134239
79070,412114
79070,492824
79070,827332
79070,983868
587069,16093
587069,797181
835636,770351
132472,720446
604309,23977
604309,787602
773110,816204
48264,261830
48264,456753
48264,926064
505630,219149
447065,478023
1047337,25461
1047337,479343
1047337,574757
1047337,605196
1047337,859086
1047337,874551
1047337,1013752
1047337,1101264
846257,340879
846257,894566
1137093,775081
1137093,1103407
604283,404101
604283,490044
604283,508361
604283,587034
604283,686667
216696,216535
216696,216537
216696,216538
946052,91328
946052,155037
946052,212831
946052,489915
946052,508346
946052,887288
2991,2801
638280,385105
638280,426812
638280,479352
638280,769578
638280,769713
409768,19860
409768,242578
409768,242580
409768,405506
409768,1030151
756429,579222
858570,2934
858570,36865
858570,334313
922143,16004
508186,242580
508186,409820
508186,409823
508186,747483
852837,946864
161434,105171
161434,123101
161434,380265
161434,508195
161434,654641
161434,879992
161434,1030151
615151,887310
340899,696106
340899,915124
340899,927790
99095,216535
99095,334166
99095,558004
99095,639585
201956,76014
201956,82741
884179,835562
918440,894805
565457,632705
565457,806338
610240,113098
610240,279888
502234,509499
1009482,91375
1009482,229310
1009482,421147
496317,479378
496317,541092
496317,696089
496317,720208
190894,6974
190894,421100
190894,849640
1117379,94200
648301,216537
773667,737265
856280,145224
856280,607482
4313,657828
686567,796223
292266,34754
292266,48083
292266,916873
356428,1012313
245784,301651
245784,343735
245784,644959
245784,784178
858766,784153
512679,773081
512679,784190
604317,157845
604317,604318
604317,686644
572534,532982
1059906,522273
1059906,778235
1059906,783666
267520,479352
267520,927790
356423,816209
975362,916881
1114669,946843
1114669,979663
328807,2737
328807,347158
328807,500510
328807,500520
328807,502823
328807,935790
2796,2789
499884,970862
449,4219
879492,654710
216219,2764
216219,2778
216219,479352
216219,686434
216219,696066
88062,3685
556288,63576
556288,574602
556288,574635
556288,904110
556288,982625
747506,242578
747506,879992
747506,880027
747506,1030151
88114,3699
88114,352012
88114,455572
88114,852815
88114,922474
88114,979663
666693,104120
291072,589277
291072,757563
63021,27591
63021,82741
63021,916887
489,47958
31009,25362
31009,79664
31009,357061
31009,500519
31009,508195
31009,654710
31009,879508
940410,279888
940410,1020451
1057774,675014
1057774,834747
528384,30870
528384,30895
528384,328840
775082,221695
775082,553428
775082,933381
63232,63297
63232,770333
296294,103468
296294,229301
501703,895771
48140,2684
48140,2688
48140,2700
48140,123162
48140,496282
48140,500510
48140,541092
632705,983249
696064,654710
696064,696066
710709,291127
41506,654641
41506,1047325
615140,268624
112789,103473
112789,341778
112789,341918
112789,404056
112789,554328
112789,636341
337925,112434
425836,82840
425836,341744
981572,403392
217408,217426
217408,229410
217408,356294
217408,604317
217408,604318
217408,1092481
616228,112465
616228,261822
616228,478023
616228,508195
616228,769535
616228,894541
144404,894805
334170,216535
334170,216537
403391,103427
403391,438413
639535,644930
582303,2250
528794,16276
528794,71849
528794,160992
669395,771009
621818,36865
621818,490066
621818,644959
621818,1111271
686678,421100
686678,622017
686678,796191
686678,849640
340884,30997
340884,346963
340884,496286
340884,696064
340884,769741
737165,607952
738006,87958
738006,784178
835882,389681
835882,674191
887285,421147
887285,490196
544157,161394
544157,776624
544157,1036171
544157,1070544
769572,2688
769572,2700
769572,2702
769572,2733
769572,48140
769572,123162
769572,421665
769572,432764
769572,496282
769572,541092
769572,654676
769572,915123
769572,915151
769572,927808
644947,23889
644947,829789
674931,157833
674931,796159
676808,77720
145219,918405
1062977,2737
1062977,25346
1062977,30997
1062977,347144
1062977,479378
1062977,496286
1062977,769741
1062977,915123
1062977,927790
396310,880027
243858,769559
243858,769578
63092,229301
63092,489951
63092,628562
36883,91374
36883,367909
36883,395999
36883,587106
36883,615164
63068,368185
437275,78173
437275,291077
437275,490040
437275,614047
437275,757563
4350,82741
1029336,479352
1029336,632941
615161,367910
545733,846347
455660,455658
432651,48140
432651,541092
432651,862578
432651,935790
889191,2737
889191,432778
889191,479385
889191,696045
889191,696053
917031,360048
917031,1042786
340839,357061
340839,479385
340839,502797
340839,508195
340839,654710
340839,879508
569327,367910
1052334,63232
1052334,157696
1052334,397424
1052334,674892
1052334,1048319
736785,747522
1027084,25487
1027084,141019
1027084,405490
1027084,421710
1027084,424895
1027084,432764
1027084,496296
1027084,541092
1027084,1051975
323234,7029
323234,421087
323234,686678
718132,741519
894719,542502
30992,479352
406603,82561
406603,377602
406603,393938
406603,1118685
2867,78147
2867,396088
2867,489915
2867,508346
2867,604229
2867,787585
2867,787589
2867,797281
2867,829793
639467,486204
935790,2733
935790,123162
935790,496282
935790,500520
935790,541092
2716,2700
2716,496290
2716,500509
2716,500510
2716,654710
2716,720206
2716,769746
340913,1083064
53577,687057
53577,720516
53577,829837
592866,1110699
245824,508389
245824,1059906
879986,649880
879986,883020
879986,980706
649876,817974
973139,78173
973139,455572
973139,554328
973139,592224
973139,628579
973139,636341
973139,757563
940717,103468
404092,356334
172886,172886
172886,778248
451167,188606
528372,112489
528372,654641
528372,822571
149891,1055616
684435,660634
684435,687092
684435,784178
684435,850326
3695,922472
6081,145224
6081,492431
4151,983868
688799,204833
688799,367473
688799,496296
688799,500524
688799,818003
688799,879478
688799,879479
688799,915148
688799,935778
688799,935797
30058,64961
30058,105693
30058,433525
30058,456690
491258,93272
491258,113161
491258,724124
636421,6788
636421,28186
636421,30058
636421,64961
636421,216538
636421,433500
636421,433525
636421,456690
636421,607466
636421,657828
636421,690582
636421,777051
636421,840900
636421,942778
636421,1125499
160989,2934
160989,217512
160989,787589
1013752,2756
1013752,25461
1013752,401920
1013752,479343
1013752,675014
1037472,6807
1037472,1106346
578493,2931
578493,510423
686594,773167
212174,856550
108952,167900
108952,827177
108952,946871
108952,1103407
302374,47958
302374,491273
223242,26158
63116,674873
367900,816161
367900,887339
16056,797192
7091,7087
167904,242580
167904,508186
167904,654641
167904,677613
167904,677616
167904,747483
167904,835615
28186,572583
28186,841674
229367,18579
749951,917248
894541,2778
894541,261822
894541,401936
894541,769535
132334,82840
132334,103427
132334,341744
48349,63576
48349,574599
48349,982624
1106431,508195
1106431,654641
1106431,654710
1106431,817969
1088,1020451
323260,6986
323260,770351
784153,579303
970930,112702
970930,326096
970930,946045
736766,242654
736766,483659
157833,421087
157833,770359
157833,796197
157833,835632
604318,157845
604318,229410
604318,686644
829771,569332
63090,161391
63090,323294
63090,479385
63090,628562
63090,654710
63090,1014467
63090,1029301
6595,741519
78291,16032
859129,323290
859129,380266
859129,508185
859129,542439
859129,677613
2702,2688
615228,151581
615228,773110
1020339,2684
1020339,2688
1020339,2700
1020339,2702
1020339,123162
1020339,421665
1020339,541092
1020339,654676
1020339,690843
1020339,696073
1020339,927808
4079,822588
5769,82741
151498,816162
987341,30992
987341,261822
987341,261856
987341,479343
987341,479385
987341,502852
987341,502869
987341,654710
987341,696073
987341,696089
987341,879461
987341,927796
132304,16296
132304,380161
132304,438466
132304,636341
1103009,261830
394407,894805
160978,155037
160978,855300
160978,1011209
103473,554328
103473,686594
103473,773167
1113838,23916
1113838,36890
1113838,281793
1113838,380154
1113838,508346
1113838,644946
1113838,797281
654030,260992
654030,352042
654030,455554
654030,946836
654030,1140556
1124326,6788
1124326,169509
1124326,433500
1124326,456690
1124326,524937
1124326,657828
1124326,674997
1124326,777051
1124326,840900
1124326,1005334
1124326,1118685
512698,53556
512698,343735
512698,773081
1092975,6815
1092975,657828
455572,78173
455572,592224
455572,775081
887282,18518
887282,268671
887282,816157
25461,347144
25461,347185
25461,500509
25461,654710
25461,696083
25461,859070
25461,859085
25461,859086
892477,300133
892477,736816
892477,879992
892477,880027
112513,340889
112513,479352
2751,34754
2751,323292
2751,357008
15956,16032
15956,569332
15956,797281
15956,816204
467203,867377
569347,151516
569347,367908
569347,686667
79664,409816
79664,817949
927794,2696
927794,2709
927794,2761
927794,2764
927794,421712
927794,479378
927794,479398
927794,496297
927794,834738
927794,862589
927794,879461
927794,879498
71768,2852
776621,835663
776621,879992
510457,170994
490040,554328
946063,27591
604253,1057925
644974,569353
829776,15930
40305,412037
836053,892618
777051,6788
777051,657828
777051,840900
1063769,916881
834747,479343
834747,479378
834747,859085
554744,405449
1133191,88114
1133191,444623
1133191,455572
1133191,525332
1133191,787908
1133191,922474
1133191,1133201
483659,242654
234968,286750
607464,216537
607464,749930
304423,2264
304423,93272
304423,113161
304423,486251
304423,491258
304423,724124
437112,242654
799365,36865
799365,644959
799365,1111271
346951,927790
217391,604360
990798,437809
990798,721205
141019,25487
141019,424895
141019,432764
141019,437179
141019,597170
141019,1050637
141019,1051975
141019,1118377
15964,1050146
105682,82561
105682,169509
105682,524937
105682,840900
188394,557916
188394,660591
188394,1011209
686642,421147
686642,887285
686642,887288
319326,605212
319326,1077538
319326,1112652
1011209,367908
1011209,367935
1011209,404101
1011209,686667
1011209,773154
607757,784178
553529,528697
674975,796198
7036,7029
7036,622017
7036,686678
7036,796191
179761,82741
1136916,1130362
885646,87930
490063,356349
1016180,642319
1121696,880027
648318,6802
6077,610599
398382,167904
398382,380270
398382,654641
428610,296407
428610,477794
428610,499378
1077537,157236
63576,82741
63576,259987
63576,916881
335390,607737
402177,516774
1117427,87930
1117427,648301
145247,918405
946853,82741
946853,221695
2934,36865
2934,644959
2934,787607
2934,1111271
161011,604232
151719,356473
151719,438465
151719,553733
151719,741518
151719,892678
151719,975448
557916,134968
557916,413569
496288,769741
496288,817949
496288,904390
108584,217320
108584,217451
108584,219149
2745,623929
6961,223263
851033,2767
851033,523349
257055,23916
257055,82840
257055,103427
257055,132338
257055,341744
3306,6043
328826,2782
328826,261822
328826,401933
328826,502836
328826,769566
328826,915123
328826,927815
859075,500494
859075,557254
972298,212174
490007,326146
490007,490006
879508,2684
879508,2688
879508,2700
879508,357061
879508,409825
879508,508195
879508,541092
879508,654710
879508,747558
528408,1030151
16296,103473
16296,103493
16296,103495
16296,554328
889429,62018
889429,509535
889429,769436
455719,404101
2684,500520
2684,508195
2684,696083
587071,27584
587071,103427
587071,341744
587071,356428
587071,404014
587071,797181
587071,797182
1131037,6856
1131037,883020
1131037,956566
455665,161410
455665,554372
455665,776636
2688,508195
2688,654710
2688,696083
686962,784141
4238,492824
4238,983868
597129,368230
597129,508209
597129,622017
3309,293
3309,2264
432698,496320
78077,399605
78077,489999
78077,644933
78077,783639
229398,7062
112735,161406
112735,544157
112735,776624
71840,1012313
787595,489895
787595,628562
1116092,6796
829819,797235
26188,774495
393913,204856
393913,579546
393913,935807
1060992,34754
1112652,1129764
53382,2250
90443,736767
607488,95591
132342,103495
132342,341776
132342,341918
132342,490038
132342,490040
132342,628579
1050640,75944
1050640,405449
1050640,421100
1050640,747515
1050640,1030151
296407,477794
296407,499378
243831,444528
245823,737167
245823,737191
426021,132334
367909,367934
508363,508362
508363,508364
508363,644899
370238,63232
370238,63297
695937,377651
6233,705477
432755,409768
432755,654641
245877,608685
940629,221695
940629,553428
940629,775082
940629,852837
333831,738021
894555,508195
894555,654710
894555,879508
894555,915123
380154,356310
380154,396071
380154,632263
380154,797281
765974,6832
25451,696094
528792,71852
528792,160999
528792,217512
112416,769559
112416,789859
773167,796191
1055616,657569
1019787,622183
1052333,396010
787908,352012
787908,775081
787908,787900
787908,789857
787908,919742
787908,919828
787908,922474
787908,979663
396031,151581
396031,367922
396031,773110
296275,774529
574757,25461
574757,479343
574757,915154
563149,188509
563149,333838
563149,334184
563149,348650
563149,557975
563149,684450
563149,773036
426744,326309
426744,393905
426744,479352
426744,502814
53261,2260
53261,878511
377607,690582
377607,775219
377607,1039406
6548,894805
6548,918440
554266,356473
554266,675085
1062971,688799
1062971,879478
1062971,879479
1062971,915148
1062971,935778
677613,242580
677613,323290
677613,409820
677613,508185
677613,508186
677613,654641
677613,677616
432778,123101
432778,242565
432778,654641
432778,696045
432778,696053
432778,747506
421072,835615
421072,1016180
274038,2713
274038,2720
274038,479385
479673,261856
479673,385121
479673,479385
479673,654641
932712,398417
6357,1738
6357,1860
340007,216538
340007,607944
591879,399607
644946,396071
644946,829792
437147,347185
437147,541092
622346,266865
622346,401933
622346,496317
622346,769528
622346,769543
622346,769558
622346,769566
622346,927815
421665,123162
421665,541092
421665,654676
108650,338473
108650,628583
759712,48269
759712,78173
759712,341776
759712,757563
36884,15950
36884,395999
36884,587068
36884,797181
36884,829817
63297,63232
63297,770333
1121017,604158
1121017,796223
597166,765121
3948,3877
356446,26158
356446,82840
356446,103427
356446,341744
5679,82741
5679,789864
228854,3705
228854,789895
228854,919781
228854,919785
228854,1111565
255570,587132
255570,597170
823198,606396
823198,823194
346774,303141
346774,1020451
834696,25443
834696,692483
834696,894719
2778,479378
2778,479398
2778,769739
922472,3705
922472,455528
922472,852811
922472,941076
922472,1111565
615193,229370
615193,998152
615193,1029631
286652,296275
286652,774529
580475,523502
580475,915151
628529,155152
554373,323235
554373,421100
23973,983281
489918,91375
489918,455686
489918,797244
489918,1009482
118621,523624
490066,16022
490066,36865
490066,229332
490066,644926
490066,1011209
490066,1111271
479352,696066
479352,869470
479352,980706
2724,242625
2724,508209
132407,132403
787622,587149
787622,706294
945985,157845
945985,1052332
945985,1096245
2709,2728
2709,221699
2709,479378
2709,769721
2709,862575
654448,654442
432747,79664
432747,272252
432747,500519
432747,541092
432747,690843
2624,331526
2624,933083
2624,1052009
1067000,167900
1067000,398417
1067000,553428
817969,242580
817969,409826
817969,654710
817969,880001
4647,179680
516685,91374
516685,151568
516685,686611
516685,796191
516685,887282
625460,657828
508386,508385
25323,204935
25323,508178
25323,557256
25323,859172
879499,2771
879499,479352
879499,496308
879499,696066
879499,720208
923873,789623
922206,922121
880541,134239
880541,412114
1095899,240343
1095899,1092975
633022,7005
633022,424895
225484,1036078
522464,54659
278,889429
356311,229301
421123,424931
421123,544254
78241,508389
1105410,1104686
421710,424895
421710,432764
421710,437179
1003669,63576
1003669,574599
1003669,982624
108590,2931
502836,2761
502836,2764
502836,261822
502836,496308
502836,496317
502836,696064
502836,696089
502836,769542
502836,769543
502836,769566
502836,915123
502836,927815
502836,980706
256,54659
380161,404056
500520,508212
500520,541092
500520,654641
975361,1140556
1103039,323292
1103039,696097
16004,16072
396304,880027
94543,25307
94543,500494
438231,212861
234788,425928
852808,946844
852808,946853
323235,421100
323235,554373
855349,983281
855349,1052332
389681,389681
389681,389697
809323,2684
809323,161434
809323,242565
809323,502869
809323,541092
809323,654641
809323,688785
809323,720195
809323,769732
809323,879507
809323,927808
809323,1030151
686590,157834
686590,421123
686590,424931
528637,71864
528637,508414
528637,628559
1103033,123177
1103033,479385
1103033,696045
1103033,769732
1103033,880027
340892,2696
340892,30870
340892,479398
340892,496305
340892,915123
409823,405449
409823,421100
409823,1030151
181714,245882
181714,737961
181714,784178
181714,784190
404101,356423
404101,622089
404101,686667
404101,773154
964892,204935
964892,357061
964892,508195
964892,720186
964892,747506
338473,628583
525367,261002
525367,872661
525367,922474
525367,1055226
906434,48083
906434,368238
906434,916871
348714,720516
295568,217385
295568,904032
4299,569801
796223,417409
796223,613480
3753,479352
431590,303141
431590,346774
628562,229301
628562,323294
628562,489895
2898,269889
2898,404101
2898,686667
604321,23918
604321,829791
604321,1050146
604321,1096245
41555,347144
41555,496286
41555,769741
41555,915123
41555,1062977
71807,108590
71807,161011
71807,217418
395457,404014
756928,501714
541107,19860
541107,880027
387,749951
866025,268671
822529,421100
822529,654641
822529,690829
822529,696092
249479,328834
249479,721205
249479,736785
352003,789887
352003,852811
352003,872661
352003,979663
3119,785
3119,1287
1060173,78133
1060173,946045
850326,133892
850326,687092
850326,784178
7029,490183
7029,490211
7029,686678
7029,796191
821403,264569
821403,500509
821403,769721
821403,1062975
489951,16024
489951,1029630
343015,740611
548976,855345
366050,424895
366050,1050637
784253,816703
536720,769739
331802,192792
455580,852784
455580,852819
496320,508195
496320,717317
496320,827092
816226,696893
2052,1924
365682,1044729
502792,261822
836050,286652
836050,757563
356424,7009
824,1704
479657,79664
479657,347144
479657,500519
91762,26158
91762,619336
219165,34765
985894,413750
985894,1036174
217512,16276
217512,36865
217512,490066
217512,787589
217512,1009482
217512,1011209
1067986,27591
1067986,82741
1067986,132209
1067986,675072
1067986,827332
1067986,916887
78119,16296
78119,173826
78119,380159
78119,628579
587067,15950
587067,797181
587067,797235
587067,829817
1760,99095
433450,6809
433450,6813
433450,796703
433450,877560
956572,72099
956572,82741
956572,421394
956572,840391
956572,964012
956572,973589
251912,437179
251912,541092
75944,405449
75944,421100
75944,747515
75944,1030151
1208,6344
386172,425928
5880,922103
5880,922143
5880,1128653
5186,5186
95591,6807
95591,607488
161418,242625
468070,6952
468070,6961
468070,157759
468070,603284
468070,615167
468070,733910
468070,776615
368230,7018
368230,7048
368230,508209
368230,622017
368230,849673
536776,479352
553521,1102824
326262,479352
323292,776621
323292,835663
323292,880027
665,4158
665,208582
665,492823
577750,880001
267455,357061
267455,479352
267455,654710
16072,16004
16072,151516
16072,396061
16072,569347
621653,216513
621653,1000560
340858,2761
340858,2771
340858,261844
340858,401933
340858,479352
340858,496308
340858,688778
340858,696066
340858,720208
340858,769543
340858,769566
340858,879499
682430,356473
682430,741518
1129515,367864
1129515,1036174
6344,933083
367916,91373
633814,114517
1050081,229410
191,1354
338339,970862
628632,404101
628632,489919
628632,1011209
63074,1036171
63074,1070544
341795,26158
341795,103490
341795,438509
341795,1044742
395994,367940
395994,399605
395994,686555
395994,783639
395994,797281
892763,438509
787584,508380
541092,300121
36912,348714
36912,829837
941088,455668
941088,1007099
736794,242578
736794,615387
736794,747522
2567,2483
350306,30905
350306,347185
350306,437147
350306,479378
350306,496296
350306,496327
350306,688801
350306,769558
350306,862573
350306,879461
916887,27591
916887,82741
216568,216670
216568,933174
323225,6983
323225,242625
323225,421041
323225,849640
622110,835663
622110,835664
622110,879991
622110,879992
787612,36865
787612,490064
787612,490066
787612,1011209
554372,6958
554372,421072
554372,776636
554372,835615
554372,1016180
554372,1081958
1571,333842
1103381,25307
1103381,94543
1103381,123101
1103381,350271
1103381,479352
1103381,720208
1103381,769578
63077,219232
87930,2588
87930,399605
87930,419554
404061,622017
2959,2971
2959,36847
789850,658186
789850,789850
991035,261822
991035,401936
991035,769535
991035,915123
1064660,48083
1064660,340879
1064660,409823
1064660,479343
1064660,503685
1064660,769538
1064660,906434
587034,27584
587034,404101
587034,686667
264347,87930
574635,63576
574635,212905
574635,916881
933381,553428
18526,490183
18526,490211
18526,796191
3148,827
30602,608674
30602,810913
1128653,82864
1128653,592188
1128653,922143
894557,261822
894557,357061
894557,409825
894557,479398
894557,508195
894557,508212
894557,654710
894557,879498
894557,879508
1103407,167900
1103407,827177
1103407,946871
920238,770142
920238,916009
1111565,852811
1111565,979663
91116,291101
91116,757563
544190,157696
544190,370238
544190,1048319
544190,1077538
816703,87958
25364,167904
25364,508185
25364,508186
25364,654641
25364,660496
25364,677613
25364,769752
1114479,6809
1114479,72099
1114479,105682
1114479,421394
1114479,956572
1114479,956573
1114479,964012
706289,151581
787585,16185
787585,36845
787585,91375
787585,399605
787585,508346
787585,644926
787585,783639
528451,112489
528451,261822
528451,261856
528451,574716
528451,1047356
660590,2934
660590,773081
660590,1111271
367922,151581
367922,773110
969125,1041266
88068,775082
88068,940629
5806,757563
5806,982625
409770,242625
409770,409820
161410,7043
161410,7048
161410,7054
161410,161406
161410,323225
161410,516774
161410,686611
161410,776636
2706,769739
615167,91375
615167,229332
412114,134239
412114,827332
1050777,887277
2903,628559
2903,686667
2903,787556
2903,1057925
36813,615202
1021338,173810
1021338,380128
894999,725205
894999,762336
317104,405490
317104,409768
317104,409770
317104,409820
317104,508212
317104,654641
1107609,113098
1107609,861710
553519,528703
326101,368208
784190,134968
1008299,2898
1008299,78173
1008299,108586
1008299,132342
1008299,404101
1008299,490040
1008299,490053
1008299,554328
1008299,587034
1008299,628579
1008299,855311
245882,188987
245882,686984
245882,737189
245882,738006
245882,738021
967758,967757
797189,229375
456721,359233
166947,408248
632263,151508
632263,1000560
2804,508412
2804,1100520
135691,774529
544217,404111
326158,16004
326158,16072
859070,347185
859070,437147
859070,500509
859172,204935
451026,334275
817977,409816
817977,654696
160999,2934
160999,2939
160999,161001
160999,660615
260992,455587
260992,1007099
394,2003
135032,2561
135032,2565
135032,2609
1354,191
769528,2709
769528,30992
769528,479352
769528,496317
769528,927793
859015,24180
859015,554416
859015,586928
6815,796702
649864,2782
649864,261822
649864,347144
649864,915123
649864,927815
216538,216535
216538,331526
607473,331526
1066606,941088
1066606,1007099
496297,347186
496297,367473
496297,479398
496297,500524
496297,818003
496297,818004
279888,113098
279888,610240
279888,769436
859085,347144
859085,347185
859085,437147
859085,500509
859085,654710
859085,859070
687038,720514
6996,300117
6996,622110
6996,835663
6996,849664
6996,879991
1027117,63232
1027117,770333
604594,916871
686577,421123
686577,424931
892483,405449
892483,405490
636372,103490
636372,438509
145230,331802
1054,501715
1054,940528
810185,300117
810185,769538
810185,906434
339812,103490
71772,2852
71772,24091
71772,134953
71772,151563
71772,773081
219171,2709
219171,2728
219171,356988
219171,654641
219171,688770
219171,927793
25449,654641
25449,769752
25449,835615
25449,1121696
797245,91375
23981,797282
608711,2528
371293,212831
2887,78077
2887,399605
2887,783639
212831,259987
212831,644946
674873,835632
433460,885132
433460,933174
337902,2771
337902,508195
337902,614420
337902,809391
337902,894555
243645,432670
243645,528384
861905,564074
3986,479352
3986,991036
991340,135104
1025426,455660
976271,604162
976271,963403
710609,82935
710609,554168
710609,922100
3345,516
3345,1128
3345,1136
859079,242578
859079,541092
266841,2688
266841,2700
266841,2702
266841,48140
266841,123162
266841,496282
266841,508195
266841,541092
266841,654676
266841,654710
266841,879507
266841,915123
